{
"lengthUnit": "mil",
"components": {
	"fields": ["COMPONENT_NO", "COMPONENT_NAME", "LAYER", "X_COORDINATE", "Y_COORDINATE", "ANGLE"],
	"rows": [
		[1, "C1", "T", 2975, -1115, 0],
		[2, "C2", "T", 2675, -1125, 0],
		[3, "C3", "T", 2675, -1380, 180],
		[4, "C4", "T", 2400, -1160, 0],
		[5, "C5", "T", 2400, -905, 180],
		[6, "C6", "T", 265, -1210, 270],
		[7, "C7", "T", 965, -580, 0],
		[8, "C8", "T", 1150, -760, 270],
		[9, "C9", "T", 395, -1690, 270],
		[10, "CN1", "T", 910, -205, 180],
		[11, "CN2", "T", 1575, -205, 180],
		[12, "D1", "T", 2870, -1575, 180],
		[13, "D2", "T", 615, -760, 270],
		[14, "D3", "T", 1100, -420, 0],
		[15, "D4", "T", 1480, -730, 180],
		[16, "DC1", "T", 2850, -1820, 180],
		[17, "H1", "T", 2555, -3080, 180],
		[18, "JP1", "T", 2830, -565, 270],
		[19, "JP2", "T", 330, -550, 270],
		[20, "key1", "T", 710, -2995, 0],
		[21, "key2", "T", 1260, -2995, 0],
		[22, "key3", "T", 1845, -2995, 0],
		[23, "LED", "T", 3035, -2615, 0],
		[24, "LED2", "T", 1355, -1165, 0],
		[25, "LED3", "T", 1355, -1580, 0],
		[26, "PLED", "T", 3030, -2265, 180],
		[27, "R1", "T", 2830, -795, 180],
		[28, "R2", "T", 2530, -2300, 0],
		[29, "R3", "T", 605, -1565, 270],
		[30, "R4", "T", 715, -1565, 270],
		[31, "R5", "T", 825, -1565, 270],
		[32, "R6", "T", 2375, -455, 180],
		[33, "R7", "T", 2380, -615, 0],
		[34, "R8", "T", 105, -1100, 90],
		[35, "R9", "T", 475, -855, 90],
		[36, "R10", "T", 1465, -580, 180],
		[37, "R11", "T", 1525, -855, 180],
		[38, "R12", "T", 1885, -1530, 270],
		[39, "R13", "T", 1905, -1005, 90],
		[40, "R14", "T", 1745, -455, 0],
		[41, "R15", "T", 2005, -1535, 270],
		[42, "R16", "T", 2130, -1530, 270],
		[43, "R17", "T", 285, -1480, 180],
		[44, "R18", "T", 530, -400, 0],
		[45, "R19", "T", 3035, -515, 0],
		[46, "R20", "T", 130, -500, 180],
		[47, "R21", "T", 2525, -2490, 0],
		[48, "SCREW1", "T", 3011.81, -3011.81, 0],
		[49, "SCREW2", "T", 137.8, -137.8, 0],
		[50, "SCREW3", "T", 3011.81, -137.8, 0],
		[51, "SCREW4", "T", 142.36, -3010.69, 0],
		[52, "T_A1", "T", 560, -170, 0],
		[53, "T_GND1", "T", 1940, -195, 0],
		[54, "T_I+1", "T", 1245, -160, 0],
		[55, "T_V1", "T", 2700, -190, 0],
		[56, "U1", "T", 2441.43, -1388.55, 90],
		[57, "U2", "T", 2330, -200, 0],
		[58, "U3", "T", 160, -1690, 90],
		[59, "U4", "T", 170, -2795, 0]
	]
},
"pins": {
	"fields": ["PIN_NO", "PIN_NAME", "PIN_X", "PIN_Y", "LAYER", "PIN_TYPE", "NET_NAME", "NET_TYPE", "PAD_SHAPE", "PAD_SIZEX", "PAD_SIZEY", "HOLE_SIZE", "PAD_ANGLE"],
	"rows": [
		[1, "C1_1", 2925, -1115, "T", "DIP", "VP", "", "C", 62.99, 62.99, 39.37, 0],
		[2, "C1_1", 2925, -1115, "B", "DIP", "VP", "", "C", 62.99, 62.99, 39.37, 0],
		[3, "C1_2", 3025, -1115, "T", "DIP", "GND", "GND", "C", 62.99, 62.99, 39.37, 0],
		[4, "C1_2", 3025, -1115, "B", "DIP", "GND", "GND", "C", 62.99, 62.99, 39.37, 0],
		[5, "C2_1", 2625, -1125, "T", "DIP", "$1N2391", "", "C", 62.99, 62.99, 39.37, 0],
		[6, "C2_1", 2625, -1125, "B", "DIP", "$1N2391", "", "C", 62.99, 62.99, 39.37, 0],
		[7, "C2_2", 2725, -1125, "T", "DIP", "GND", "GND", "C", 62.99, 62.99, 39.37, 0],
		[8, "C2_2", 2725, -1125, "B", "DIP", "GND", "GND", "C", 62.99, 62.99, 39.37, 0],
		[9, "C3_1", 2725, -1380, "T", "DIP", "GND", "GND", "C", 47.24, 47.24, 27.56, 180],
		[10, "C3_1", 2725, -1380, "B", "DIP", "GND", "GND", "C", 47.24, 47.24, 27.56, 180],
		[11, "C3_2", 2625, -1380, "T", "DIP", "$1N2391", "", "C", 47.24, 47.24, 27.56, 180],
		[12, "C3_2", 2625, -1380, "B", "DIP", "$1N2391", "", "C", 47.24, 47.24, 27.56, 180],
		[13, "C4_1", 2350, -1160, "T", "DIP", "+5V", "", "C", 62.99, 62.99, 39.37, 0],
		[14, "C4_1", 2350, -1160, "B", "DIP", "+5V", "", "C", 62.99, 62.99, 39.37, 0],
		[15, "C4_2", 2450, -1160, "T", "DIP", "GND", "GND", "C", 62.99, 62.99, 39.37, 0],
		[16, "C4_2", 2450, -1160, "B", "DIP", "GND", "GND", "C", 62.99, 62.99, 39.37, 0],
		[17, "C5_1", 2450, -905, "T", "DIP", "GND", "GND", "C", 47.24, 47.24, 27.56, 180],
		[18, "C5_1", 2450, -905, "B", "DIP", "GND", "GND", "C", 47.24, 47.24, 27.56, 180],
		[19, "C5_2", 2350, -905, "T", "DIP", "+5V", "", "C", 47.24, 47.24, 27.56, 180],
		[20, "C5_2", 2350, -905, "B", "DIP", "+5V", "", "C", 47.24, 47.24, 27.56, 180],
		[21, "C6_1", 265, -1110, "T", "DIP", "GND", "GND", "C", 55.12, 55.12, 31.5, 270],
		[22, "C6_1", 265, -1110, "B", "DIP", "GND", "GND", "C", 55.12, 55.12, 31.5, 270],
		[23, "C6_2", 265, -1310, "T", "DIP", "ADC_IN12", "", "C", 55.12, 55.12, 31.5, 270],
		[24, "C6_2", 265, -1310, "B", "DIP", "ADC_IN12", "", "C", 55.12, 55.12, 31.5, 270],
		[25, "C7_1", 865, -580, "T", "DIP", "GND", "GND", "C", 70.87, 70.87, 47.24, 0],
		[26, "C7_1", 865, -580, "B", "DIP", "GND", "GND", "C", 70.87, 70.87, 47.24, 0],
		[27, "C7_2", 1065, -580, "T", "DIP", "ADC_IN11", "", "C", 70.87, 70.87, 47.24, 0],
		[28, "C7_2", 1065, -580, "B", "DIP", "ADC_IN11", "", "C", 70.87, 70.87, 47.24, 0],
		[29, "C8_1", 1150, -660, "T", "DIP", "GND", "GND", "C", 70.87, 70.87, 47.24, 270],
		[30, "C8_1", 1150, -660, "B", "DIP", "GND", "GND", "C", 70.87, 70.87, 47.24, 270],
		[31, "C8_2", 1150, -860, "T", "DIP", "ADC_IN9", "", "C", 70.87, 70.87, 47.24, 270],
		[32, "C8_2", 1150, -860, "B", "DIP", "ADC_IN9", "", "C", 70.87, 70.87, 47.24, 270],
		[33, "C9_1", 395, -1640, "T", "DIP", "GND", "GND", "C", 47.24, 47.24, 27.56, 270],
		[34, "C9_1", 395, -1640, "B", "DIP", "GND", "GND", "C", 47.24, 47.24, 27.56, 270],
		[35, "C9_2", 395, -1740, "T", "DIP", "ADC_IN8", "", "C", 47.24, 47.24, 27.56, 270],
		[36, "C9_2", 395, -1740, "B", "DIP", "ADC_IN8", "", "C", 47.24, 47.24, 27.56, 270],
		[37, "CN1_1", 987.96, -205, "T", "DIP", "+I", "", "R", 102.36, 102.36, 68.9, 180],
		[38, "CN1_1", 987.96, -205, "B", "DIP", "+I", "", "R", 102.36, 102.36, 68.9, 180],
		[39, "CN1_2", 832.04, -205, "T", "DIP", "$1N13530", "", "C", 102.36, 102.36, 68.9, 180],
		[40, "CN1_2", 832.04, -205, "B", "DIP", "$1N13530", "", "C", 102.36, 102.36, 68.9, 180],
		[41, "CN2_1", 1652.95, -205, "T", "DIP", "GND", "GND", "R", 102.36, 102.36, 68.9, 180],
		[42, "CN2_1", 1652.95, -205, "B", "DIP", "GND", "GND", "R", 102.36, 102.36, 68.9, 180],
		[43, "CN2_2", 1497.05, -205, "T", "DIP", "+I", "", "C", 102.36, 102.36, 68.9, 180],
		[44, "CN2_2", 1497.05, -205, "B", "DIP", "+I", "", "C", 102.36, 102.36, 68.9, 180],
		[45, "D1_1", 3041.26, -1575, "T", "DIP", "VP", "", "C", 70.87, 70.87, 39.37, 180],
		[46, "D1_1", 3041.26, -1575, "B", "DIP", "VP", "", "C", 70.87, 70.87, 39.37, 180],
		[47, "D1_2", 2698.74, -1575, "T", "DIP", "$1N2319", "", "C", 70.87, 70.87, 39.37, 180],
		[48, "D1_2", 2698.74, -1575, "B", "DIP", "$1N2319", "", "C", 70.87, 70.87, 39.37, 180],
		[49, "D2_1", 615, -598.58, "T", "DIP", "+5V", "", "C", 62.99, 62.99, 31.5, 90],
		[50, "D2_1", 615, -598.58, "B", "DIP", "+5V", "", "C", 62.99, 62.99, 31.5, 90],
		[51, "D2_2", 615, -921.42, "T", "DIP", "ADC_IN12", "", "C", 62.99, 62.99, 31.5, 90],
		[52, "D2_2", 615, -921.42, "B", "DIP", "ADC_IN12", "", "C", 62.99, 62.99, 31.5, 90],
		[53, "D3_1", 938.58, -420, "T", "DIP", "+5V", "", "C", 62.99, 62.99, 31.5, 180],
		[54, "D3_1", 938.58, -420, "B", "DIP", "+5V", "", "C", 62.99, 62.99, 31.5, 180],
		[55, "D3_2", 1261.42, -420, "T", "DIP", "ADC_IN11", "", "C", 62.99, 62.99, 31.5, 180],
		[56, "D3_2", 1261.42, -420, "B", "DIP", "ADC_IN11", "", "C", 62.99, 62.99, 31.5, 180],
		[57, "D4_1", 1641.42, -730, "T", "DIP", "+5V", "", "C", 62.99, 62.99, 31.5, 0],
		[58, "D4_1", 1641.42, -730, "B", "DIP", "+5V", "", "C", 62.99, 62.99, 31.5, 0],
		[59, "D4_2", 1318.58, -730, "T", "DIP", "ADC_IN9", "", "C", 62.99, 62.99, 31.5, 0],
		[60, "D4_2", 1318.58, -730, "B", "DIP", "ADC_IN9", "", "C", 62.99, 62.99, 31.5, 0],
		[61, "DC1_1", 2731.9, -1912.53, "T", "DIP", "$1N2319", "", "O", 70.87, 165.35, 145.67, 180],
		[62, "DC1_1", 2731.9, -1912.53, "B", "DIP", "$1N2319", "", "O", 70.87, 165.35, 145.67, 180],
		[63, "DC1_2", 2968.1, -1912.53, "T", "DIP", "GND", "GND", "O", 70.87, 165.35, 145.67, 0],
		[64, "DC1_2", 2968.1, -1912.53, "B", "DIP", "GND", "GND", "O", 70.87, 165.35, 145.67, 0],
		[65, "DC1_3", 2850, -1727.48, "T", "DIP", "GND", "GND", "O", 70.87, 165.35, 145.67, 90],
		[66, "DC1_3", 2850, -1727.48, "B", "DIP", "GND", "GND", "O", 70.87, 165.35, 145.67, 90],
		[67, "H1_1", 2705, -3080, "T", "DIP", "GND", "GND", "R", 66.93, 66.93, 43.31, 180],
		[68, "H1_1", 2705, -3080, "B", "DIP", "GND", "GND", "R", 66.93, 66.93, 43.31, 180],
		[69, "H1_2", 2605, -3080, "T", "DIP", "3.3V", "", "C", 66.93, 66.93, 43.31, 180],
		[70, "H1_2", 2605, -3080, "B", "DIP", "3.3V", "", "C", 66.93, 66.93, 43.31, 180],
		[71, "H1_3", 2505, -3080, "T", "DIP", "MCU_RX", "", "C", 66.93, 66.93, 43.31, 180],
		[72, "H1_3", 2505, -3080, "B", "DIP", "MCU_RX", "", "C", 66.93, 66.93, 43.31, 180],
		[73, "H1_4", 2405, -3080, "T", "DIP", "MCU_TX", "", "C", 66.93, 66.93, 43.31, 180],
		[74, "H1_4", 2405, -3080, "B", "DIP", "MCU_TX", "", "C", 66.93, 66.93, 43.31, 180],
		[75, "JP1_1", 2830, -515, "T", "DIP", "$1N3693", "", "R", 70.87, 70.87, 39.37, 270],
		[76, "JP1_1", 2830, -515, "B", "DIP", "$1N3693", "", "R", 70.87, 70.87, 39.37, 270],
		[77, "JP1_2", 2830, -615, "T", "DIP", "+V", "", "C", 70.87, 70.87, 39.37, 270],
		[78, "JP1_2", 2830, -615, "B", "DIP", "+V", "", "C", 70.87, 70.87, 39.37, 270],
		[79, "JP2_1", 330, -500, "T", "DIP", "$1N4663", "", "R", 70.87, 70.87, 39.37, 270],
		[80, "JP2_1", 330, -500, "B", "DIP", "$1N4663", "", "R", 70.87, 70.87, 39.37, 270],
		[81, "JP2_2", 330, -600, "T", "DIP", "+I", "", "C", 70.87, 70.87, 39.37, 270],
		[82, "JP2_2", 330, -600, "B", "DIP", "+I", "", "C", 70.87, 70.87, 39.37, 270],
		[83, "key1_1", 582.05, -2906.42, "T", "DIP", "K1", "", "C", 70.87, 70.87, 47.24, 0],
		[84, "key1_1", 582.05, -2906.42, "B", "DIP", "K1", "", "C", 70.87, 70.87, 47.24, 0],
		[85, "key1_2", 837.95, -2906.42, "T", "DIP", "K1", "", "C", 70.87, 70.87, 47.24, 0],
		[86, "key1_2", 837.95, -2906.42, "B", "DIP", "K1", "", "C", 70.87, 70.87, 47.24, 0],
		[87, "key1_3", 582.05, -3083.58, "T", "DIP", "GND", "GND", "C", 70.87, 70.87, 47.24, 0],
		[88, "key1_3", 582.05, -3083.58, "B", "DIP", "GND", "GND", "C", 70.87, 70.87, 47.24, 0],
		[89, "key1_4", 837.95, -3083.58, "T", "DIP", "GND", "GND", "C", 70.87, 70.87, 47.24, 0],
		[90, "key1_4", 837.95, -3083.58, "B", "DIP", "GND", "GND", "C", 70.87, 70.87, 47.24, 0],
		[91, "key2_1", 1132.05, -2906.42, "T", "DIP", "K2", "", "C", 70.87, 70.87, 47.24, 0],
		[92, "key2_1", 1132.05, -2906.42, "B", "DIP", "K2", "", "C", 70.87, 70.87, 47.24, 0],
		[93, "key2_2", 1387.95, -2906.42, "T", "DIP", "K2", "", "C", 70.87, 70.87, 47.24, 0],
		[94, "key2_2", 1387.95, -2906.42, "B", "DIP", "K2", "", "C", 70.87, 70.87, 47.24, 0],
		[95, "key2_3", 1132.05, -3083.58, "T", "DIP", "GND", "GND", "C", 70.87, 70.87, 47.24, 0],
		[96, "key2_3", 1132.05, -3083.58, "B", "DIP", "GND", "GND", "C", 70.87, 70.87, 47.24, 0],
		[97, "key2_4", 1387.95, -3083.58, "T", "DIP", "GND", "GND", "C", 70.87, 70.87, 47.24, 0],
		[98, "key2_4", 1387.95, -3083.58, "B", "DIP", "GND", "GND", "C", 70.87, 70.87, 47.24, 0],
		[99, "key3_1", 1717.05, -2906.42, "T", "DIP", "K3", "", "C", 70.87, 70.87, 47.24, 0],
		[100, "key3_1", 1717.05, -2906.42, "B", "DIP", "K3", "", "C", 70.87, 70.87, 47.24, 0],
		[101, "key3_2", 1972.95, -2906.42, "T", "DIP", "K3", "", "C", 70.87, 70.87, 47.24, 0],
		[102, "key3_2", 1972.95, -2906.42, "B", "DIP", "K3", "", "C", 70.87, 70.87, 47.24, 0],
		[103, "key3_3", 1717.05, -3083.58, "T", "DIP", "GND", "GND", "C", 70.87, 70.87, 47.24, 0],
		[104, "key3_3", 1717.05, -3083.58, "B", "DIP", "GND", "GND", "C", 70.87, 70.87, 47.24, 0],
		[105, "key3_4", 1972.95, -3083.58, "T", "DIP", "GND", "GND", "C", 70.87, 70.87, 47.24, 0],
		[106, "key3_4", 1972.95, -3083.58, "B", "DIP", "GND", "GND", "C", 70.87, 70.87, 47.24, 0],
		[107, "LED_1", 2985, -2615, "T", "DIP", "$1N13643", "", "C", 60, 60, 35.43, 0],
		[108, "LED_1", 2985, -2615, "B", "DIP", "$1N13643", "", "C", 60, 60, 35.43, 0],
		[109, "LED_2", 3085, -2615, "T", "DIP", "LED", "", "C", 60, 60, 35.43, 0],
		[110, "LED_2", 3085, -2615, "B", "DIP", "LED", "", "C", 60, 60, 35.43, 0],
		[111, "LED2_1", 1105, -1315, "T", "DIP", "E", "", "C", 62.99, 62.99, 39.37, 0],
		[112, "LED2_1", 1105, -1315, "B", "DIP", "E", "", "C", 62.99, 62.99, 39.37, 0],
		[113, "LED2_2", 1205, -1315, "T", "DIP", "D", "", "C", 62.99, 62.99, 39.37, 0],
		[114, "LED2_2", 1205, -1315, "B", "DIP", "D", "", "C", 62.99, 62.99, 39.37, 0],
		[115, "LED2_3", 1305, -1315, "T", "DIP", "DP", "", "C", 62.99, 62.99, 39.37, 0],
		[116, "LED2_3", 1305, -1315, "B", "DIP", "DP", "", "C", 62.99, 62.99, 39.37, 0],
		[117, "LED2_4", 1405, -1315, "T", "DIP", "C", "", "C", 62.99, 62.99, 39.37, 0],
		[118, "LED2_4", 1405, -1315, "B", "DIP", "C", "", "C", 62.99, 62.99, 39.37, 0],
		[119, "LED2_5", 1505, -1315, "T", "DIP", "G", "", "C", 62.99, 62.99, 39.37, 0],
		[120, "LED2_5", 1505, -1315, "B", "DIP", "G", "", "C", 62.99, 62.99, 39.37, 0],
		[121, "LED2_7", 1605, -1015, "T", "DIP", "B", "", "C", 62.99, 62.99, 39.37, 0],
		[122, "LED2_7", 1605, -1015, "B", "DIP", "B", "", "C", 62.99, 62.99, 39.37, 0],
		[123, "LED2_8", 1505, -1015, "T", "DIP", "$1N18019", "", "C", 62.99, 62.99, 39.37, 0],
		[124, "LED2_8", 1505, -1015, "B", "DIP", "$1N18019", "", "C", 62.99, 62.99, 39.37, 0],
		[125, "LED2_9", 1405, -1015, "T", "DIP", "$1N18015", "", "C", 62.99, 62.99, 39.37, 0],
		[126, "LED2_9", 1405, -1015, "B", "DIP", "$1N18015", "", "C", 62.99, 62.99, 39.37, 0],
		[127, "LED2_10", 1305, -1015, "T", "DIP", "F", "", "C", 62.99, 62.99, 39.37, 0],
		[128, "LED2_10", 1305, -1015, "B", "DIP", "F", "", "C", 62.99, 62.99, 39.37, 0],
		[129, "LED2_11", 1205, -1015, "T", "DIP", "A", "", "C", 62.99, 62.99, 39.37, 0],
		[130, "LED2_11", 1205, -1015, "B", "DIP", "A", "", "C", 62.99, 62.99, 39.37, 0],
		[131, "LED2_12", 1105, -1015, "T", "DIP", "$1N18024", "", "C", 62.99, 62.99, 39.37, 0],
		[132, "LED2_12", 1105, -1015, "B", "DIP", "$1N18024", "", "C", 62.99, 62.99, 39.37, 0],
		[133, "LED3_1", 1105, -1730, "T", "DIP", "E", "", "C", 62.99, 62.99, 39.37, 0],
		[134, "LED3_1", 1105, -1730, "B", "DIP", "E", "", "C", 62.99, 62.99, 39.37, 0],
		[135, "LED3_2", 1205, -1730, "T", "DIP", "D", "", "C", 62.99, 62.99, 39.37, 0],
		[136, "LED3_2", 1205, -1730, "B", "DIP", "D", "", "C", 62.99, 62.99, 39.37, 0],
		[137, "LED3_3", 1305, -1730, "T", "DIP", "DP", "", "C", 62.99, 62.99, 39.37, 0],
		[138, "LED3_3", 1305, -1730, "B", "DIP", "DP", "", "C", 62.99, 62.99, 39.37, 0],
		[139, "LED3_4", 1405, -1730, "T", "DIP", "C", "", "C", 62.99, 62.99, 39.37, 0],
		[140, "LED3_4", 1405, -1730, "B", "DIP", "C", "", "C", 62.99, 62.99, 39.37, 0],
		[141, "LED3_5", 1505, -1730, "T", "DIP", "G", "", "C", 62.99, 62.99, 39.37, 0],
		[142, "LED3_5", 1505, -1730, "B", "DIP", "G", "", "C", 62.99, 62.99, 39.37, 0],
		[143, "LED3_7", 1605, -1430, "T", "DIP", "B", "", "C", 62.99, 62.99, 39.37, 0],
		[144, "LED3_7", 1605, -1430, "B", "DIP", "B", "", "C", 62.99, 62.99, 39.37, 0],
		[145, "LED3_8", 1505, -1430, "T", "DIP", "$1N18221", "", "C", 62.99, 62.99, 39.37, 0],
		[146, "LED3_8", 1505, -1430, "B", "DIP", "$1N18221", "", "C", 62.99, 62.99, 39.37, 0],
		[147, "LED3_9", 1405, -1430, "T", "DIP", "$1N18219", "", "C", 62.99, 62.99, 39.37, 0],
		[148, "LED3_9", 1405, -1430, "B", "DIP", "$1N18219", "", "C", 62.99, 62.99, 39.37, 0],
		[149, "LED3_10", 1305, -1430, "T", "DIP", "F", "", "C", 62.99, 62.99, 39.37, 0],
		[150, "LED3_10", 1305, -1430, "B", "DIP", "F", "", "C", 62.99, 62.99, 39.37, 0],
		[151, "LED3_11", 1205, -1430, "T", "DIP", "A", "", "C", 62.99, 62.99, 39.37, 0],
		[152, "LED3_11", 1205, -1430, "B", "DIP", "A", "", "C", 62.99, 62.99, 39.37, 0],
		[153, "LED3_12", 1105, -1430, "T", "DIP", "$1N18223", "", "C", 62.99, 62.99, 39.37, 0],
		[154, "LED3_12", 1105, -1430, "B", "DIP", "$1N18223", "", "C", 62.99, 62.99, 39.37, 0],
		[155, "PLED_1", 3080, -2265, "T", "DIP", "GND", "GND", "C", 60, 60, 35.43, 180],
		[156, "PLED_1", 3080, -2265, "B", "DIP", "GND", "GND", "C", 60, 60, 35.43, 180],
		[157, "PLED_2", 2980, -2265, "T", "DIP", "$1N2837", "", "C", 60, 60, 35.43, 180],
		[158, "PLED_2", 2980, -2265, "B", "DIP", "$1N2837", "", "C", 60, 60, 35.43, 180],
		[159, "R1_1", 3036.69, -795, "T", "DIP", "VP", "", "C", 62.99, 62.99, 36, 180],
		[160, "R1_1", 3036.69, -795, "B", "DIP", "VP", "", "C", 62.99, 62.99, 36, 180],
		[161, "R1_2", 2623.31, -795, "T", "DIP", "$1N2391", "", "C", 62.99, 62.99, 36, 180],
		[162, "R1_2", 2623.31, -795, "B", "DIP", "$1N2391", "", "C", 62.99, 62.99, 36, 180],
		[163, "R2_1", 2327.24, -2300, "T", "DIP", "+5V", "", "C", 60, 60, 39.37, 0],
		[164, "R2_1", 2327.24, -2300, "B", "DIP", "+5V", "", "C", 60, 60, 39.37, 0],
		[165, "R2_2", 2732.76, -2300, "T", "DIP", "$1N2837", "", "C", 60, 60, 39.37, 0],
		[166, "R2_2", 2732.76, -2300, "B", "DIP", "$1N2837", "", "C", 60, 60, 39.37, 0],
		[167, "R3_1", 605, -1358.31, "T", "DIP", "$1N18024", "", "C", 62.99, 62.99, 36, 270],
		[168, "R3_1", 605, -1358.31, "B", "DIP", "$1N18024", "", "C", 62.99, 62.99, 36, 270],
		[169, "R3_2", 605, -1771.69, "T", "DIP", "COM1", "", "C", 62.99, 62.99, 36, 270],
		[170, "R3_2", 605, -1771.69, "B", "DIP", "COM1", "", "C", 62.99, 62.99, 36, 270],
		[171, "R4_1", 715, -1358.31, "T", "DIP", "$1N18015", "", "C", 62.99, 62.99, 36, 270],
		[172, "R4_1", 715, -1358.31, "B", "DIP", "$1N18015", "", "C", 62.99, 62.99, 36, 270],
		[173, "R4_2", 715, -1771.69, "T", "DIP", "COM2", "", "C", 62.99, 62.99, 36, 270],
		[174, "R4_2", 715, -1771.69, "B", "DIP", "COM2", "", "C", 62.99, 62.99, 36, 270],
		[175, "R5_1", 825, -1358.31, "T", "DIP", "$1N18019", "", "C", 62.99, 62.99, 36, 270],
		[176, "R5_1", 825, -1358.31, "B", "DIP", "$1N18019", "", "C", 62.99, 62.99, 36, 270],
		[177, "R5_2", 825, -1771.69, "T", "DIP", "COM3", "", "C", 62.99, 62.99, 36, 270],
		[178, "R5_2", 825, -1771.69, "B", "DIP", "COM3", "", "C", 62.99, 62.99, 36, 270],
		[179, "R6_1", 2581.69, -455, "T", "DIP", "+V", "", "C", 55.12, 55.12, 27.56, 180],
		[180, "R6_1", 2581.69, -455, "B", "DIP", "+V", "", "C", 55.12, 55.12, 27.56, 180],
		[181, "R6_2", 2168.31, -455, "T", "DIP", "$1N12856", "", "C", 55.12, 55.12, 27.56, 180],
		[182, "R6_2", 2168.31, -455, "B", "DIP", "$1N12856", "", "C", 55.12, 55.12, 27.56, 180],
		[183, "R7_1", 2177.24, -615, "T", "DIP", "$1N12861", "", "C", 60, 60, 39.37, 0],
		[184, "R7_1", 2177.24, -615, "B", "DIP", "$1N12861", "", "C", 60, 60, 39.37, 0],
		[185, "R7_2", 2582.76, -615, "T", "DIP", "+V", "", "C", 60, 60, 39.37, 0],
		[186, "R7_2", 2582.76, -615, "B", "DIP", "+V", "", "C", 60, 60, 39.37, 0],
		[187, "R8_1", 105, -1306.69, "T", "DIP", "ADC_IN12", "", "C", 55.12, 55.12, 27.56, 90],
		[188, "R8_1", 105, -1306.69, "B", "DIP", "ADC_IN12", "", "C", 55.12, 55.12, 27.56, 90],
		[189, "R8_2", 105, -893.31, "T", "DIP", "+I", "", "C", 55.12, 55.12, 27.56, 90],
		[190, "R8_2", 105, -893.31, "B", "DIP", "+I", "", "C", 55.12, 55.12, 27.56, 90],
		[191, "R9_1", 475, -1110.91, "T", "DIP", "GND", "GND", "C", 59.05, 59.05, 31.5, 90],
		[192, "R9_1", 475, -1110.91, "B", "DIP", "GND", "GND", "C", 59.05, 59.05, 31.5, 90],
		[193, "R9_2", 475, -599.09, "T", "DIP", "+I", "", "C", 59.05, 59.05, 31.5, 90],
		[194, "R9_2", 475, -599.09, "B", "DIP", "+I", "", "C", 59.05, 59.05, 31.5, 90],
		[195, "R10_1", 1671.69, -580, "T", "DIP", "$1N12856", "", "C", 55.12, 55.12, 27.56, 180],
		[196, "R10_1", 1671.69, -580, "B", "DIP", "$1N12856", "", "C", 55.12, 55.12, 27.56, 180],
		[197, "R10_2", 1258.31, -580, "T", "DIP", "ADC_IN11", "", "C", 55.12, 55.12, 27.56, 180],
		[198, "R10_2", 1258.31, -580, "B", "DIP", "ADC_IN11", "", "C", 55.12, 55.12, 27.56, 180],
		[199, "R11_1", 1731.69, -855, "T", "DIP", "$1N12861", "", "C", 55.12, 55.12, 27.56, 180],
		[200, "R11_1", 1731.69, -855, "B", "DIP", "$1N12861", "", "C", 55.12, 55.12, 27.56, 180],
		[201, "R11_2", 1318.31, -855, "T", "DIP", "ADC_IN9", "", "C", 55.12, 55.12, 27.56, 180],
		[202, "R11_2", 1318.31, -855, "B", "DIP", "ADC_IN9", "", "C", 55.12, 55.12, 27.56, 180],
		[203, "R12_1", 1885, -1323.31, "T", "DIP", "$1N18223", "", "C", 62.99, 62.99, 36, 270],
		[204, "R12_1", 1885, -1323.31, "B", "DIP", "$1N18223", "", "C", 62.99, 62.99, 36, 270],
		[205, "R12_2", 1885, -1736.69, "T", "DIP", "COM4", "", "C", 62.99, 62.99, 36, 270],
		[206, "R12_2", 1885, -1736.69, "B", "DIP", "COM4", "", "C", 62.99, 62.99, 36, 270],
		[207, "R13_1", 1905, -1207.76, "T", "DIP", "GND", "GND", "C", 60, 60, 39.37, 90],
		[208, "R13_1", 1905, -1207.76, "B", "DIP", "GND", "GND", "C", 60, 60, 39.37, 90],
		[209, "R13_2", 1905, -802.24, "T", "DIP", "$1N12861", "", "C", 60, 60, 39.37, 90],
		[210, "R13_2", 1905, -802.24, "B", "DIP", "$1N12861", "", "C", 60, 60, 39.37, 90],
		[211, "R14_1", 1542.24, -455, "T", "DIP", "GND", "GND", "C", 60, 60, 39.37, 0],
		[212, "R14_1", 1542.24, -455, "B", "DIP", "GND", "GND", "C", 60, 60, 39.37, 0],
		[213, "R14_2", 1947.76, -455, "T", "DIP", "$1N12856", "", "C", 60, 60, 39.37, 0],
		[214, "R14_2", 1947.76, -455, "B", "DIP", "$1N12856", "", "C", 60, 60, 39.37, 0],
		[215, "R15_1", 2005, -1328.31, "T", "DIP", "$1N18219", "", "C", 62.99, 62.99, 36, 270],
		[216, "R15_1", 2005, -1328.31, "B", "DIP", "$1N18219", "", "C", 62.99, 62.99, 36, 270],
		[217, "R15_2", 2005, -1741.69, "T", "DIP", "COM5", "", "C", 62.99, 62.99, 36, 270],
		[218, "R15_2", 2005, -1741.69, "B", "DIP", "COM5", "", "C", 62.99, 62.99, 36, 270],
		[219, "R16_1", 2130, -1323.31, "T", "DIP", "$1N18221", "", "C", 62.99, 62.99, 36, 270],
		[220, "R16_1", 2130, -1323.31, "B", "DIP", "$1N18221", "", "C", 62.99, 62.99, 36, 270],
		[221, "R16_2", 2130, -1736.69, "T", "DIP", "COM6", "", "C", 62.99, 62.99, 36, 270],
		[222, "R16_2", 2130, -1736.69, "B", "DIP", "COM6", "", "C", 62.99, 62.99, 36, 270],
		[223, "R17_1", 491.69, -1480, "T", "DIP", "+5V", "", "C", 55.12, 55.12, 27.56, 180],
		[224, "R17_1", 491.69, -1480, "B", "DIP", "+5V", "", "C", 55.12, 55.12, 27.56, 180],
		[225, "R17_2", 78.31, -1480, "T", "DIP", "ADC_IN8", "", "C", 55.12, 55.12, 27.56, 180],
		[226, "R17_2", 78.31, -1480, "B", "DIP", "ADC_IN8", "", "C", 55.12, 55.12, 27.56, 180],
		[227, "R18_1", 323.31, -400, "T", "DIP", "$1N4477", "", "C", 55.12, 55.12, 27.56, 0],
		[228, "R18_1", 323.31, -400, "B", "DIP", "$1N4477", "", "C", 55.12, 55.12, 27.56, 0],
		[229, "R18_2", 736.69, -400, "T", "DIP", "+5V", "", "C", 55.12, 55.12, 27.56, 0],
		[230, "R18_2", 736.69, -400, "B", "DIP", "+5V", "", "C", 55.12, 55.12, 27.56, 0],
		[231, "R19_1", 3035, -415, "T", "DIP", "GND", "GND", "C", 60, 60, 30, 270],
		[232, "R19_1", 3035, -415, "B", "DIP", "GND", "GND", "C", 60, 60, 30, 270],
		[233, "R19_2", 3035, -515, "T", "DIP", "$1N3693", "", "C", 60, 60, 30, 270],
		[234, "R19_2", 3035, -515, "B", "DIP", "$1N3693", "", "C", 60, 60, 30, 270],
		[235, "R19_3", 3035, -615, "T", "DIP", "VP", "", "C", 60, 60, 30, 270],
		[236, "R19_3", 3035, -615, "B", "DIP", "VP", "", "C", 60, 60, 30, 270],
		[237, "R20_1", 130, -600, "T", "DIP", "GND", "GND", "C", 60, 60, 30, 90],
		[238, "R20_1", 130, -600, "B", "DIP", "GND", "GND", "C", 60, 60, 30, 90],
		[239, "R20_2", 130, -500, "T", "DIP", "$1N4663", "", "C", 60, 60, 30, 90],
		[240, "R20_2", 130, -500, "B", "DIP", "$1N4663", "", "C", 60, 60, 30, 90],
		[241, "R20_3", 130, -400, "T", "DIP", "$1N4477", "", "C", 60, 60, 30, 90],
		[242, "R20_3", 130, -400, "B", "DIP", "$1N4477", "", "C", 60, 60, 30, 90],
		[243, "R21_1", 2322.24, -2490, "T", "DIP", "+5V", "", "C", 60, 60, 39.37, 0],
		[244, "R21_1", 2322.24, -2490, "B", "DIP", "+5V", "", "C", 60, 60, 39.37, 0],
		[245, "R21_2", 2727.76, -2490, "T", "DIP", "$1N13643", "", "C", 60, 60, 39.37, 0],
		[246, "R21_2", 2727.76, -2490, "B", "DIP", "$1N13643", "", "C", 60, 60, 39.37, 0],
		[247, "SCREW1_1", 3009.31, -3009.31, "T", "DIP", "SCREW1_1", "", "C", 126, 126, 126, 0],
		[248, "SCREW1_1", 3009.31, -3009.31, "B", "DIP", "SCREW1_1", "", "C", 126, 126, 126, 0],
		[249, "SCREW2_1", 135.3, -135.3, "T", "DIP", "SCREW2_1", "", "C", 126, 126, 126, 0],
		[250, "SCREW2_1", 135.3, -135.3, "B", "DIP", "SCREW2_1", "", "C", 126, 126, 126, 0],
		[251, "SCREW3_1", 3009.31, -135.3, "T", "DIP", "SCREW3_1", "", "C", 126, 126, 126, 0],
		[252, "SCREW3_1", 3009.31, -135.3, "B", "DIP", "SCREW3_1", "", "C", 126, 126, 126, 0],
		[253, "SCREW4_1", 139.86, -3008.19, "T", "DIP", "SCREW4_1", "", "C", 126, 126, 126, 0],
		[254, "SCREW4_1", 139.86, -3008.19, "B", "DIP", "SCREW4_1", "", "C", 126, 126, 126, 0],
		[255, "T_A1_1", 560, -170, "T", "DIP", "$1N13530", "", "C", 196.85, 196.85, 118.11, 180],
		[256, "T_A1_1", 560, -170, "B", "DIP", "$1N13530", "", "C", 196.85, 196.85, 118.11, 180],
		[257, "T_GND1_1", 1940, -195, "T", "DIP", "GND", "GND", "C", 196.85, 196.85, 118.11, 180],
		[258, "T_GND1_1", 1940, -195, "B", "DIP", "GND", "GND", "C", 196.85, 196.85, 118.11, 180],
		[259, "T_I+1_1", 1245, -160, "T", "DIP", "+I", "", "C", 196.85, 196.85, 118.11, 180],
		[260, "T_I+1_1", 1245, -160, "B", "DIP", "+I", "", "C", 196.85, 196.85, 118.11, 180],
		[261, "T_V1_1", 2700, -190, "T", "DIP", "+V", "", "C", 196.85, 196.85, 118.11, 180],
		[262, "T_V1_1", 2700, -190, "B", "DIP", "+V", "", "C", 196.85, 196.85, 118.11, 180],
		[263, "U1_1", 2500.49, -1335.16, "T", "SMD", "GND", "GND", "R", 62.01, 26.46, 0, 90],
		[264, "U1_2", 2441.44, -1441.95, "T", "SMD", "$1N2391", "", "P", 74.8, 211.69, 0, 90],
		[265, "U1_3", 2382.38, -1335.16, "T", "SMD", "+5V", "", "R", 62.01, 26.46, 0, 90],
		[266, "U2_1", 2230, -200, "T", "DIP", "GND", "GND", "R", 62.99, 62.99, 39.37, 0],
		[267, "U2_1", 2230, -200, "B", "DIP", "GND", "GND", "R", 62.99, 62.99, 39.37, 0],
		[268, "U2_2", 2330, -200, "T", "DIP", "VP", "", "C", 62.99, 62.99, 39.37, 0],
		[269, "U2_2", 2330, -200, "B", "DIP", "VP", "", "C", 62.99, 62.99, 39.37, 0],
		[270, "U2_3", 2430, -200, "T", "DIP", "+V", "", "C", 62.99, 62.99, 39.37, 0],
		[271, "U2_3", 2430, -200, "B", "DIP", "+V", "", "C", 62.99, 62.99, 39.37, 0],
		[272, "U3_1", 160, -1740, "T", "DIP", "ADC_IN8", "", "R", 35.43, 62.99, 27.56, 90],
		[273, "U3_1", 160, -1740, "B", "DIP", "ADC_IN8", "", "R", 35.43, 62.99, 27.56, 90],
		[274, "U3_2", 160, -1690, "T", "DIP", "GND", "GND", "O", 35.43, 62.99, 27.56, 90],
		[275, "U3_2", 160, -1690, "B", "DIP", "GND", "GND", "O", 35.43, 62.99, 27.56, 90],
		[276, "U3_3", 160, -1640, "T", "DIP", "ADC_IN8", "", "O", 35.43, 62.99, 27.56, 90],
		[277, "U3_3", 160, -1640, "B", "DIP", "ADC_IN8", "", "O", 35.43, 62.99, 27.56, 90],
		[278, "U4_1", 2170, -2045, "T", "DIP", "U4_1", "", "O", 62, 92, 47, 0],
		[279, "U4_1", 2170, -2045, "B", "DIP", "U4_1", "", "O", 62, 92, 47, 0],
		[280, "U4_2", 2070, -2045, "T", "DIP", "U4_2", "", "O", 62, 92, 47, 0],
		[281, "U4_2", 2070, -2045, "B", "DIP", "U4_2", "", "O", 62, 92, 47, 0],
		[282, "U4_3", 1970, -2045, "T", "DIP", "LED", "", "O", 62, 92, 47, 0],
		[283, "U4_3", 1970, -2045, "B", "DIP", "LED", "", "O", 62, 92, 47, 0],
		[284, "U4_4", 1870, -2045, "T", "DIP", "U4_4", "", "O", 62, 92, 47, 0],
		[285, "U4_4", 1870, -2045, "B", "DIP", "U4_4", "", "O", 62, 92, 47, 0],
		[286, "U4_5", 1770, -2045, "T", "DIP", "B", "", "O", 62, 92, 47, 0],
		[287, "U4_5", 1770, -2045, "B", "DIP", "B", "", "O", 62, 92, 47, 0],
		[288, "U4_6", 1670, -2045, "T", "DIP", "F", "", "O", 62, 92, 47, 0],
		[289, "U4_6", 1670, -2045, "B", "DIP", "F", "", "O", 62, 92, 47, 0],
		[290, "U4_7", 1570, -2045, "T", "DIP", "A", "", "O", 62, 92, 47, 0],
		[291, "U4_7", 1570, -2045, "B", "DIP", "A", "", "O", 62, 92, 47, 0],
		[292, "U4_8", 1470, -2045, "T", "DIP", "G", "", "O", 62, 92, 47, 0],
		[293, "U4_8", 1470, -2045, "B", "DIP", "G", "", "O", 62, 92, 47, 0],
		[294, "U4_9", 1370, -2045, "T", "DIP", "C", "", "O", 62, 92, 47, 0],
		[295, "U4_9", 1370, -2045, "B", "DIP", "C", "", "O", 62, 92, 47, 0],
		[296, "U4_10", 1270, -2045, "T", "DIP", "DP", "", "O", 62, 92, 47, 0],
		[297, "U4_10", 1270, -2045, "B", "DIP", "DP", "", "O", 62, 92, 47, 0],
		[298, "U4_11", 1170, -2045, "T", "DIP", "D", "", "O", 62, 92, 47, 0],
		[299, "U4_11", 1170, -2045, "B", "DIP", "D", "", "O", 62, 92, 47, 0],
		[300, "U4_12", 1070, -2045, "T", "DIP", "E", "", "O", 62, 92, 47, 0],
		[301, "U4_12", 1070, -2045, "B", "DIP", "E", "", "O", 62, 92, 47, 0],
		[302, "U4_13", 970, -2045, "T", "DIP", "ADC_IN8", "", "O", 62, 92, 47, 0],
		[303, "U4_13", 970, -2045, "B", "DIP", "ADC_IN8", "", "O", 62, 92, 47, 0],
		[304, "U4_14", 870, -2045, "T", "DIP", "ADC_IN9", "", "O", 62, 92, 47, 0],
		[305, "U4_14", 870, -2045, "B", "DIP", "ADC_IN9", "", "O", 62, 92, 47, 0],
		[306, "U4_15", 770, -2045, "T", "DIP", "ADC_IN11", "", "O", 62, 92, 47, 0],
		[307, "U4_15", 770, -2045, "B", "DIP", "ADC_IN11", "", "O", 62, 92, 47, 0],
		[308, "U4_16", 670, -2045, "T", "DIP", "ADC_IN12", "", "O", 62, 92, 47, 0],
		[309, "U4_16", 670, -2045, "B", "DIP", "ADC_IN12", "", "O", 62, 92, 47, 0],
		[310, "U4_17", 570, -2045, "T", "DIP", "U4_17", "", "O", 62, 92, 47, 0],
		[311, "U4_17", 570, -2045, "B", "DIP", "U4_17", "", "O", 62, 92, 47, 0],
		[312, "U4_18", 470, -2045, "T", "DIP", "U4_18", "", "O", 62, 92, 47, 0],
		[313, "U4_18", 470, -2045, "B", "DIP", "U4_18", "", "O", 62, 92, 47, 0],
		[314, "U4_19", 370, -2045, "T", "DIP", "U4_19", "", "O", 62, 92, 47, 0],
		[315, "U4_19", 370, -2045, "B", "DIP", "U4_19", "", "O", 62, 92, 47, 0],
		[316, "U4_20", 270, -2045, "T", "DIP", "U4_20", "", "R", 64, 90, 47, 0],
		[317, "U4_20", 270, -2045, "B", "DIP", "U4_20", "", "R", 64, 90, 47, 0],
		[318, "U4_21", 270, -2645, "T", "DIP", "K1", "", "R", 64, 90, 47, 0],
		[319, "U4_21", 270, -2645, "B", "DIP", "K1", "", "R", 64, 90, 47, 0],
		[320, "U4_22", 370, -2645, "T", "DIP", "K2", "", "O", 62, 92, 47, 0],
		[321, "U4_22", 370, -2645, "B", "DIP", "K2", "", "O", 62, 92, 47, 0],
		[322, "U4_23", 470, -2645, "T", "DIP", "K3", "", "O", 62, 92, 47, 0],
		[323, "U4_23", 470, -2645, "B", "DIP", "K3", "", "O", 62, 92, 47, 0],
		[324, "U4_24", 570, -2645, "T", "DIP", "U4_24", "", "O", 62, 92, 47, 0],
		[325, "U4_24", 570, -2645, "B", "DIP", "U4_24", "", "O", 62, 92, 47, 0],
		[326, "U4_25", 670, -2645, "T", "DIP", "COM1", "", "O", 62, 92, 47, 0],
		[327, "U4_25", 670, -2645, "B", "DIP", "COM1", "", "O", 62, 92, 47, 0],
		[328, "U4_26", 770, -2645, "T", "DIP", "MCU_TX", "", "O", 62, 92, 47, 0],
		[329, "U4_26", 770, -2645, "B", "DIP", "MCU_TX", "", "O", 62, 92, 47, 0],
		[330, "U4_27", 870, -2645, "T", "DIP", "MCU_RX", "", "O", 62, 92, 47, 0],
		[331, "U4_27", 870, -2645, "B", "DIP", "MCU_RX", "", "O", 62, 92, 47, 0],
		[332, "U4_28", 970, -2645, "T", "DIP", "COM2", "", "O", 62, 92, 47, 0],
		[333, "U4_28", 970, -2645, "B", "DIP", "COM2", "", "O", 62, 92, 47, 0],
		[334, "U4_29", 1070, -2645, "T", "DIP", "COM3", "", "O", 62, 92, 47, 0],
		[335, "U4_29", 1070, -2645, "B", "DIP", "COM3", "", "O", 62, 92, 47, 0],
		[336, "U4_30", 1170, -2645, "T", "DIP", "COM4", "", "O", 62, 92, 47, 0],
		[337, "U4_30", 1170, -2645, "B", "DIP", "COM4", "", "O", 62, 92, 47, 0],
		[338, "U4_31", 1270, -2645, "T", "DIP", "COM5", "", "O", 62, 92, 47, 0],
		[339, "U4_31", 1270, -2645, "B", "DIP", "COM5", "", "O", 62, 92, 47, 0],
		[340, "U4_32", 1370, -2645, "T", "DIP", "COM6", "", "O", 62, 92, 47, 0],
		[341, "U4_32", 1370, -2645, "B", "DIP", "COM6", "", "O", 62, 92, 47, 0],
		[342, "U4_33", 1470, -2645, "T", "DIP", "U4_33", "", "O", 62, 92, 47, 0],
		[343, "U4_33", 1470, -2645, "B", "DIP", "U4_33", "", "O", 62, 92, 47, 0],
		[344, "U4_34", 1570, -2645, "T", "DIP", "U4_34", "", "O", 62, 92, 47, 0],
		[345, "U4_34", 1570, -2645, "B", "DIP", "U4_34", "", "O", 62, 92, 47, 0],
		[346, "U4_35", 1670, -2645, "T", "DIP", "U4_35", "", "O", 62, 92, 47, 0],
		[347, "U4_35", 1670, -2645, "B", "DIP", "U4_35", "", "O", 62, 92, 47, 0],
		[348, "U4_36", 1770, -2645, "T", "DIP", "U4_36", "", "O", 62, 92, 47, 0],
		[349, "U4_36", 1770, -2645, "B", "DIP", "U4_36", "", "O", 62, 92, 47, 0],
		[350, "U4_37", 1870, -2645, "T", "DIP", "U4_37", "", "O", 62, 92, 47, 0],
		[351, "U4_37", 1870, -2645, "B", "DIP", "U4_37", "", "O", 62, 92, 47, 0],
		[352, "U4_38", 1970, -2645, "T", "DIP", "+5V", "", "O", 62, 92, 47, 0],
		[353, "U4_38", 1970, -2645, "B", "DIP", "+5V", "", "O", 62, 92, 47, 0],
		[354, "U4_39", 2070, -2645, "T", "DIP", "GND", "GND", "O", 62, 92, 47, 0],
		[355, "U4_39", 2070, -2645, "B", "DIP", "GND", "GND", "O", 62, 92, 47, 0],
		[356, "U4_40", 2170, -2645, "T", "DIP", "3.3V", "", "O", 62, 92, 47, 0],
		[357, "U4_40", 2170, -2645, "B", "DIP", "3.3V", "", "O", 62, 92, 47, 0]
	]
}
}